/*
 Navicat Premium Data Transfer

 Source Server         : pgSQLDjango
 Source Server Type    : PostgreSQL
 Source Server Version : 150004 (150004)
 Source Host           : localhost:5432
 Source Catalog        : postgres
 Source Schema         : public

 Target Server Type    : PostgreSQL
 Target Server Version : 150004 (150004)
 File Encoding         : 65001

 Date: 25/09/2023 18:25:31
*/


-- ----------------------------
-- Sequence structure for auth_group_id_seq
-- ----------------------------
DROP SEQUENCE IF EXISTS "public"."auth_group_id_seq";
CREATE SEQUENCE "public"."auth_group_id_seq" 
INCREMENT 1
MINVALUE  1
MAXVALUE 2147483647
START 1
CACHE 1;

-- ----------------------------
-- Sequence structure for auth_group_permissions_id_seq
-- ----------------------------
DROP SEQUENCE IF EXISTS "public"."auth_group_permissions_id_seq";
CREATE SEQUENCE "public"."auth_group_permissions_id_seq" 
INCREMENT 1
MINVALUE  1
MAXVALUE 2147483647
START 1
CACHE 1;

-- ----------------------------
-- Sequence structure for auth_permission_id_seq
-- ----------------------------
DROP SEQUENCE IF EXISTS "public"."auth_permission_id_seq";
CREATE SEQUENCE "public"."auth_permission_id_seq" 
INCREMENT 1
MINVALUE  1
MAXVALUE 2147483647
START 1
CACHE 1;

-- ----------------------------
-- Sequence structure for auth_user_groups_id_seq
-- ----------------------------
DROP SEQUENCE IF EXISTS "public"."auth_user_groups_id_seq";
CREATE SEQUENCE "public"."auth_user_groups_id_seq" 
INCREMENT 1
MINVALUE  1
MAXVALUE 2147483647
START 1
CACHE 1;

-- ----------------------------
-- Sequence structure for auth_user_id_seq
-- ----------------------------
DROP SEQUENCE IF EXISTS "public"."auth_user_id_seq";
CREATE SEQUENCE "public"."auth_user_id_seq" 
INCREMENT 1
MINVALUE  1
MAXVALUE 2147483647
START 1
CACHE 1;

-- ----------------------------
-- Sequence structure for auth_user_user_permissions_id_seq
-- ----------------------------
DROP SEQUENCE IF EXISTS "public"."auth_user_user_permissions_id_seq";
CREATE SEQUENCE "public"."auth_user_user_permissions_id_seq" 
INCREMENT 1
MINVALUE  1
MAXVALUE 2147483647
START 1
CACHE 1;

-- ----------------------------
-- Sequence structure for django_admin_log_id_seq
-- ----------------------------
DROP SEQUENCE IF EXISTS "public"."django_admin_log_id_seq";
CREATE SEQUENCE "public"."django_admin_log_id_seq" 
INCREMENT 1
MINVALUE  1
MAXVALUE 2147483647
START 1
CACHE 1;

-- ----------------------------
-- Sequence structure for django_content_type_id_seq
-- ----------------------------
DROP SEQUENCE IF EXISTS "public"."django_content_type_id_seq";
CREATE SEQUENCE "public"."django_content_type_id_seq" 
INCREMENT 1
MINVALUE  1
MAXVALUE 2147483647
START 1
CACHE 1;

-- ----------------------------
-- Sequence structure for django_migrations_id_seq
-- ----------------------------
DROP SEQUENCE IF EXISTS "public"."django_migrations_id_seq";
CREATE SEQUENCE "public"."django_migrations_id_seq" 
INCREMENT 1
MINVALUE  1
MAXVALUE 2147483647
START 1
CACHE 1;

-- ----------------------------
-- Sequence structure for products_kategori_id_kategori_seq
-- ----------------------------
DROP SEQUENCE IF EXISTS "public"."products_kategori_id_kategori_seq";
CREATE SEQUENCE "public"."products_kategori_id_kategori_seq" 
INCREMENT 1
MINVALUE  1
MAXVALUE 2147483647
START 1
CACHE 1;

-- ----------------------------
-- Sequence structure for products_product_id_product_seq
-- ----------------------------
DROP SEQUENCE IF EXISTS "public"."products_product_id_product_seq";
CREATE SEQUENCE "public"."products_product_id_product_seq" 
INCREMENT 1
MINVALUE  1
MAXVALUE 2147483647
START 1
CACHE 1;

-- ----------------------------
-- Sequence structure for products_status_id_status_seq
-- ----------------------------
DROP SEQUENCE IF EXISTS "public"."products_status_id_status_seq";
CREATE SEQUENCE "public"."products_status_id_status_seq" 
INCREMENT 1
MINVALUE  1
MAXVALUE 2147483647
START 1
CACHE 1;

-- ----------------------------
-- Table structure for auth_group
-- ----------------------------
DROP TABLE IF EXISTS "public"."auth_group";
CREATE TABLE "public"."auth_group" (
  "id" int4 NOT NULL GENERATED BY DEFAULT AS IDENTITY (
INCREMENT 1
MINVALUE  1
MAXVALUE 2147483647
START 1
CACHE 1
),
  "name" varchar(150) COLLATE "pg_catalog"."default" NOT NULL
)
;

-- ----------------------------
-- Records of auth_group
-- ----------------------------

-- ----------------------------
-- Table structure for auth_group_permissions
-- ----------------------------
DROP TABLE IF EXISTS "public"."auth_group_permissions";
CREATE TABLE "public"."auth_group_permissions" (
  "id" int4 NOT NULL GENERATED BY DEFAULT AS IDENTITY (
INCREMENT 1
MINVALUE  1
MAXVALUE 2147483647
START 1
CACHE 1
),
  "group_id" int4 NOT NULL,
  "permission_id" int4 NOT NULL
)
;

-- ----------------------------
-- Records of auth_group_permissions
-- ----------------------------

-- ----------------------------
-- Table structure for auth_permission
-- ----------------------------
DROP TABLE IF EXISTS "public"."auth_permission";
CREATE TABLE "public"."auth_permission" (
  "id" int4 NOT NULL GENERATED BY DEFAULT AS IDENTITY (
INCREMENT 1
MINVALUE  1
MAXVALUE 2147483647
START 1
CACHE 1
),
  "name" varchar(255) COLLATE "pg_catalog"."default" NOT NULL,
  "content_type_id" int4 NOT NULL,
  "codename" varchar(100) COLLATE "pg_catalog"."default" NOT NULL
)
;

-- ----------------------------
-- Records of auth_permission
-- ----------------------------
INSERT INTO "public"."auth_permission" VALUES (1, 'Can add log entry', 1, 'add_logentry');
INSERT INTO "public"."auth_permission" VALUES (2, 'Can change log entry', 1, 'change_logentry');
INSERT INTO "public"."auth_permission" VALUES (3, 'Can delete log entry', 1, 'delete_logentry');
INSERT INTO "public"."auth_permission" VALUES (4, 'Can view log entry', 1, 'view_logentry');
INSERT INTO "public"."auth_permission" VALUES (5, 'Can add permission', 2, 'add_permission');
INSERT INTO "public"."auth_permission" VALUES (6, 'Can change permission', 2, 'change_permission');
INSERT INTO "public"."auth_permission" VALUES (7, 'Can delete permission', 2, 'delete_permission');
INSERT INTO "public"."auth_permission" VALUES (8, 'Can view permission', 2, 'view_permission');
INSERT INTO "public"."auth_permission" VALUES (9, 'Can add group', 3, 'add_group');
INSERT INTO "public"."auth_permission" VALUES (10, 'Can change group', 3, 'change_group');
INSERT INTO "public"."auth_permission" VALUES (11, 'Can delete group', 3, 'delete_group');
INSERT INTO "public"."auth_permission" VALUES (12, 'Can view group', 3, 'view_group');
INSERT INTO "public"."auth_permission" VALUES (13, 'Can add user', 4, 'add_user');
INSERT INTO "public"."auth_permission" VALUES (14, 'Can change user', 4, 'change_user');
INSERT INTO "public"."auth_permission" VALUES (15, 'Can delete user', 4, 'delete_user');
INSERT INTO "public"."auth_permission" VALUES (16, 'Can view user', 4, 'view_user');
INSERT INTO "public"."auth_permission" VALUES (17, 'Can add content type', 5, 'add_contenttype');
INSERT INTO "public"."auth_permission" VALUES (18, 'Can change content type', 5, 'change_contenttype');
INSERT INTO "public"."auth_permission" VALUES (19, 'Can delete content type', 5, 'delete_contenttype');
INSERT INTO "public"."auth_permission" VALUES (20, 'Can view content type', 5, 'view_contenttype');
INSERT INTO "public"."auth_permission" VALUES (21, 'Can add session', 6, 'add_session');
INSERT INTO "public"."auth_permission" VALUES (22, 'Can change session', 6, 'change_session');
INSERT INTO "public"."auth_permission" VALUES (23, 'Can delete session', 6, 'delete_session');
INSERT INTO "public"."auth_permission" VALUES (24, 'Can view session', 6, 'view_session');
INSERT INTO "public"."auth_permission" VALUES (25, 'Can add kategori', 7, 'add_kategori');
INSERT INTO "public"."auth_permission" VALUES (26, 'Can change kategori', 7, 'change_kategori');
INSERT INTO "public"."auth_permission" VALUES (27, 'Can delete kategori', 7, 'delete_kategori');
INSERT INTO "public"."auth_permission" VALUES (28, 'Can view kategori', 7, 'view_kategori');
INSERT INTO "public"."auth_permission" VALUES (29, 'Can add status', 8, 'add_status');
INSERT INTO "public"."auth_permission" VALUES (30, 'Can change status', 8, 'change_status');
INSERT INTO "public"."auth_permission" VALUES (31, 'Can delete status', 8, 'delete_status');
INSERT INTO "public"."auth_permission" VALUES (32, 'Can view status', 8, 'view_status');
INSERT INTO "public"."auth_permission" VALUES (33, 'Can add product', 9, 'add_product');
INSERT INTO "public"."auth_permission" VALUES (34, 'Can change product', 9, 'change_product');
INSERT INTO "public"."auth_permission" VALUES (35, 'Can delete product', 9, 'delete_product');
INSERT INTO "public"."auth_permission" VALUES (36, 'Can view product', 9, 'view_product');

-- ----------------------------
-- Table structure for auth_user
-- ----------------------------
DROP TABLE IF EXISTS "public"."auth_user";
CREATE TABLE "public"."auth_user" (
  "id" int4 NOT NULL GENERATED BY DEFAULT AS IDENTITY (
INCREMENT 1
MINVALUE  1
MAXVALUE 2147483647
START 1
CACHE 1
),
  "password" varchar(128) COLLATE "pg_catalog"."default" NOT NULL,
  "last_login" timestamptz(6),
  "is_superuser" bool NOT NULL,
  "username" varchar(150) COLLATE "pg_catalog"."default" NOT NULL,
  "first_name" varchar(150) COLLATE "pg_catalog"."default" NOT NULL,
  "last_name" varchar(150) COLLATE "pg_catalog"."default" NOT NULL,
  "email" varchar(254) COLLATE "pg_catalog"."default" NOT NULL,
  "is_staff" bool NOT NULL,
  "is_active" bool NOT NULL,
  "date_joined" timestamptz(6) NOT NULL
)
;

-- ----------------------------
-- Records of auth_user
-- ----------------------------

-- ----------------------------
-- Table structure for auth_user_groups
-- ----------------------------
DROP TABLE IF EXISTS "public"."auth_user_groups";
CREATE TABLE "public"."auth_user_groups" (
  "id" int4 NOT NULL GENERATED BY DEFAULT AS IDENTITY (
INCREMENT 1
MINVALUE  1
MAXVALUE 2147483647
START 1
CACHE 1
),
  "user_id" int4 NOT NULL,
  "group_id" int4 NOT NULL
)
;

-- ----------------------------
-- Records of auth_user_groups
-- ----------------------------

-- ----------------------------
-- Table structure for auth_user_user_permissions
-- ----------------------------
DROP TABLE IF EXISTS "public"."auth_user_user_permissions";
CREATE TABLE "public"."auth_user_user_permissions" (
  "id" int4 NOT NULL GENERATED BY DEFAULT AS IDENTITY (
INCREMENT 1
MINVALUE  1
MAXVALUE 2147483647
START 1
CACHE 1
),
  "user_id" int4 NOT NULL,
  "permission_id" int4 NOT NULL
)
;

-- ----------------------------
-- Records of auth_user_user_permissions
-- ----------------------------

-- ----------------------------
-- Table structure for django_admin_log
-- ----------------------------
DROP TABLE IF EXISTS "public"."django_admin_log";
CREATE TABLE "public"."django_admin_log" (
  "id" int4 NOT NULL GENERATED BY DEFAULT AS IDENTITY (
INCREMENT 1
MINVALUE  1
MAXVALUE 2147483647
START 1
CACHE 1
),
  "action_time" timestamptz(6) NOT NULL,
  "object_id" text COLLATE "pg_catalog"."default",
  "object_repr" varchar(200) COLLATE "pg_catalog"."default" NOT NULL,
  "action_flag" int2 NOT NULL,
  "change_message" text COLLATE "pg_catalog"."default" NOT NULL,
  "content_type_id" int4,
  "user_id" int4 NOT NULL
)
;

-- ----------------------------
-- Records of django_admin_log
-- ----------------------------

-- ----------------------------
-- Table structure for django_content_type
-- ----------------------------
DROP TABLE IF EXISTS "public"."django_content_type";
CREATE TABLE "public"."django_content_type" (
  "id" int4 NOT NULL GENERATED BY DEFAULT AS IDENTITY (
INCREMENT 1
MINVALUE  1
MAXVALUE 2147483647
START 1
CACHE 1
),
  "app_label" varchar(100) COLLATE "pg_catalog"."default" NOT NULL,
  "model" varchar(100) COLLATE "pg_catalog"."default" NOT NULL
)
;

-- ----------------------------
-- Records of django_content_type
-- ----------------------------
INSERT INTO "public"."django_content_type" VALUES (1, 'admin', 'logentry');
INSERT INTO "public"."django_content_type" VALUES (2, 'auth', 'permission');
INSERT INTO "public"."django_content_type" VALUES (3, 'auth', 'group');
INSERT INTO "public"."django_content_type" VALUES (4, 'auth', 'user');
INSERT INTO "public"."django_content_type" VALUES (5, 'contenttypes', 'contenttype');
INSERT INTO "public"."django_content_type" VALUES (6, 'sessions', 'session');
INSERT INTO "public"."django_content_type" VALUES (7, 'products', 'kategori');
INSERT INTO "public"."django_content_type" VALUES (8, 'products', 'status');
INSERT INTO "public"."django_content_type" VALUES (9, 'products', 'product');

-- ----------------------------
-- Table structure for django_migrations
-- ----------------------------
DROP TABLE IF EXISTS "public"."django_migrations";
CREATE TABLE "public"."django_migrations" (
  "id" int4 NOT NULL GENERATED BY DEFAULT AS IDENTITY (
INCREMENT 1
MINVALUE  1
MAXVALUE 2147483647
START 1
CACHE 1
),
  "app" varchar(255) COLLATE "pg_catalog"."default" NOT NULL,
  "name" varchar(255) COLLATE "pg_catalog"."default" NOT NULL,
  "applied" timestamptz(6) NOT NULL
)
;

-- ----------------------------
-- Records of django_migrations
-- ----------------------------
INSERT INTO "public"."django_migrations" VALUES (1, 'contenttypes', '0001_initial', '2023-09-23 17:40:42.581454+07');
INSERT INTO "public"."django_migrations" VALUES (2, 'auth', '0001_initial', '2023-09-23 17:40:43.352123+07');
INSERT INTO "public"."django_migrations" VALUES (3, 'admin', '0001_initial', '2023-09-23 17:40:43.475571+07');
INSERT INTO "public"."django_migrations" VALUES (4, 'admin', '0002_logentry_remove_auto_add', '2023-09-23 17:40:43.480746+07');
INSERT INTO "public"."django_migrations" VALUES (5, 'admin', '0003_logentry_add_action_flag_choices', '2023-09-23 17:40:43.485992+07');
INSERT INTO "public"."django_migrations" VALUES (6, 'contenttypes', '0002_remove_content_type_name', '2023-09-23 17:40:43.495996+07');
INSERT INTO "public"."django_migrations" VALUES (7, 'auth', '0002_alter_permission_name_max_length', '2023-09-23 17:40:43.50137+07');
INSERT INTO "public"."django_migrations" VALUES (8, 'auth', '0003_alter_user_email_max_length', '2023-09-23 17:40:43.505538+07');
INSERT INTO "public"."django_migrations" VALUES (9, 'auth', '0004_alter_user_username_opts', '2023-09-23 17:40:43.511017+07');
INSERT INTO "public"."django_migrations" VALUES (10, 'auth', '0005_alter_user_last_login_null', '2023-09-23 17:40:43.515989+07');
INSERT INTO "public"."django_migrations" VALUES (11, 'auth', '0006_require_contenttypes_0002', '2023-09-23 17:40:43.517847+07');
INSERT INTO "public"."django_migrations" VALUES (12, 'auth', '0007_alter_validators_add_error_messages', '2023-09-23 17:40:43.522683+07');
INSERT INTO "public"."django_migrations" VALUES (13, 'auth', '0008_alter_user_username_max_length', '2023-09-23 17:40:43.566005+07');
INSERT INTO "public"."django_migrations" VALUES (14, 'auth', '0009_alter_user_last_name_max_length', '2023-09-23 17:40:43.570948+07');
INSERT INTO "public"."django_migrations" VALUES (15, 'auth', '0010_alter_group_name_max_length', '2023-09-23 17:40:43.578552+07');
INSERT INTO "public"."django_migrations" VALUES (16, 'auth', '0011_update_proxy_permissions', '2023-09-23 17:40:43.582589+07');
INSERT INTO "public"."django_migrations" VALUES (17, 'auth', '0012_alter_user_first_name_max_length', '2023-09-23 17:40:43.588585+07');
INSERT INTO "public"."django_migrations" VALUES (18, 'products', '0001_initial', '2023-09-23 17:40:43.77617+07');
INSERT INTO "public"."django_migrations" VALUES (19, 'sessions', '0001_initial', '2023-09-23 17:40:43.983276+07');

-- ----------------------------
-- Table structure for django_session
-- ----------------------------
DROP TABLE IF EXISTS "public"."django_session";
CREATE TABLE "public"."django_session" (
  "session_key" varchar(40) COLLATE "pg_catalog"."default" NOT NULL,
  "session_data" text COLLATE "pg_catalog"."default" NOT NULL,
  "expire_date" timestamptz(6) NOT NULL
)
;

-- ----------------------------
-- Records of django_session
-- ----------------------------

-- ----------------------------
-- Table structure for products_kategori
-- ----------------------------
DROP TABLE IF EXISTS "public"."products_kategori";
CREATE TABLE "public"."products_kategori" (
  "id_kategori" int4 NOT NULL GENERATED BY DEFAULT AS IDENTITY (
INCREMENT 1
MINVALUE  1
MAXVALUE 2147483647
START 1
CACHE 1
),
  "name" varchar(100) COLLATE "pg_catalog"."default" NOT NULL,
  "created" timestamptz(6) NOT NULL,
  "changed" timestamptz(6) NOT NULL
)
;

-- ----------------------------
-- Records of products_kategori
-- ----------------------------
INSERT INTO "public"."products_kategori" VALUES (1, 'L QUEENLY', '2023-09-23 17:43:51+07', '2023-09-23 17:43:56+07');
INSERT INTO "public"."products_kategori" VALUES (2, 'L MTH AKSESORIS (IM)', '2023-09-23 17:43:54+07', '2023-09-23 17:43:59+07');
INSERT INTO "public"."products_kategori" VALUES (3, 'L MTH TABUNG (LK)', '2023-09-23 17:44:03+07', '2023-09-23 17:44:19+07');
INSERT INTO "public"."products_kategori" VALUES (4, 'SP MTH SPAREPART (LK)', '2023-09-23 17:44:06+07', '2023-09-23 17:44:21+07');
INSERT INTO "public"."products_kategori" VALUES (5, 'CI MTH TINTA LAIN (IM)', '2023-09-23 17:44:09+07', '2023-09-23 17:44:24+07');
INSERT INTO "public"."products_kategori" VALUES (6, 'L MTH AKSESORIS (LK)', '2023-09-23 17:44:12+07', '2023-09-23 17:44:26+07');
INSERT INTO "public"."products_kategori" VALUES (7, 'S MTH STEMPEL (IM)', '2023-09-23 17:44:15+07', '2023-09-23 17:44:29+07');

-- ----------------------------
-- Table structure for products_product
-- ----------------------------
DROP TABLE IF EXISTS "public"."products_product";
CREATE TABLE "public"."products_product" (
  "id_product" int4 NOT NULL GENERATED BY DEFAULT AS IDENTITY (
INCREMENT 1
MINVALUE  1
MAXVALUE 2147483647
START 1
CACHE 1
),
  "name" varchar(150) COLLATE "pg_catalog"."default" NOT NULL,
  "price" numeric(8,2) NOT NULL,
  "kategori_id" int4 NOT NULL,
  "status_id" int4 NOT NULL,
  "created" timestamptz(6) NOT NULL,
  "changed" timestamptz(6) NOT NULL
)
;

-- ----------------------------
-- Records of products_product
-- ----------------------------
INSERT INTO "public"."products_product" VALUES (9, 'ALUMUNIUM FOIL ALL IN ONE BULAT 23mm IM', 1000.00, 2, 1, '2023-09-23 13:58:22+07', '2023-09-23 13:58:22+07');
INSERT INTO "public"."products_product" VALUES (11, 'ALUMUNIUM FOIL ALL IN ONE BULAT 30mm IM', 1000.00, 2, 1, '2023-09-23 13:58:22+07', '2023-09-23 13:58:22+07');
INSERT INTO "public"."products_product" VALUES (12, 'ALUMUNIUM FOIL ALL IN ONE SHEET 250mm IM', 12500.00, 2, 2, '2023-09-23 13:58:22+07', '2023-09-23 13:58:22+07');
INSERT INTO "public"."products_product" VALUES (15, 'ALUMUNIUM FOIL HDPE/PE BULAT 23mm IM', 12500.00, 2, 1, '2023-09-23 13:58:22+07', '2023-09-23 13:58:22+07');
INSERT INTO "public"."products_product" VALUES (17, 'ALUMUNIUM FOIL HDPE/PE BULAT 30mm IM', 1000.00, 2, 1, '2023-09-23 13:58:22+07', '2023-09-23 13:58:22+07');
INSERT INTO "public"."products_product" VALUES (18, 'ALUMUNIUM FOIL HDPE/PE SHEET 250mm IM', 13000.00, 2, 2, '2023-09-23 13:58:22+07', '2023-09-23 13:58:22+07');
INSERT INTO "public"."products_product" VALUES (19, 'ALUMUNIUM FOIL PET SHEET 250mm IM', 1000.00, 2, 2, '2023-09-23 13:58:22+07', '2023-09-23 13:58:22+07');
INSERT INTO "public"."products_product" VALUES (22, 'ARM PENDEK MODEL U', 13000.00, 2, 1, '2023-09-23 13:58:22+07', '2023-09-23 13:58:22+07');
INSERT INTO "public"."products_product" VALUES (23, 'ARM SUPPORT KECIL', 13000.00, 3, 2, '2023-09-23 13:58:22+07', '2023-09-23 13:58:22+07');
INSERT INTO "public"."products_product" VALUES (24, 'ARM SUPPORT KOTAK PUTIH', 13000.00, 2, 2, '2023-09-23 13:58:22+07', '2023-09-23 13:58:22+07');
INSERT INTO "public"."products_product" VALUES (26, 'ARM SUPPORT PENDEK POLOS', 13000.00, 3, 1, '2023-09-23 13:58:22+07', '2023-09-23 13:58:22+07');
INSERT INTO "public"."products_product" VALUES (27, 'ARM SUPPORT S IM', 1000.00, 2, 2, '2023-09-23 13:58:22+07', '2023-09-23 13:58:22+07');
INSERT INTO "public"."products_product" VALUES (28, 'ARM SUPPORT T (IMPORT)', 13000.00, 2, 1, '2023-09-23 13:58:22+07', '2023-09-23 13:58:22+07');
INSERT INTO "public"."products_product" VALUES (29, 'ARM SUPPORT T - MODEL 1 ( LOKAL )', 10000.00, 3, 1, '2023-09-23 13:58:22+07', '2023-09-23 13:58:22+07');
INSERT INTO "public"."products_product" VALUES (50, 'BLACK LASER TONER FP-T3 (100gr)', 13000.00, 2, 2, '2023-09-23 13:58:22+07', '2023-09-23 13:58:22+07');
INSERT INTO "public"."products_product" VALUES (56, 'BODY PRINTER CANON IP2770', 500.00, 4, 1, '2023-09-23 13:58:22+07', '2023-09-23 13:58:22+07');
INSERT INTO "public"."products_product" VALUES (58, 'BODY PRINTER T13X', 15000.00, 4, 1, '2023-09-23 13:58:22+07', '2023-09-23 13:58:22+07');
INSERT INTO "public"."products_product" VALUES (59, 'BOTOL 1000ML BLUE KHUSUS UNTUK EPSON R1800/R800 - 4180 IM (T054920)', 10000.00, 5, 1, '2023-09-23 13:58:22+07', '2023-09-23 13:58:22+07');
INSERT INTO "public"."products_product" VALUES (60, 'BOTOL 1000ML CYAN KHUSUS UNTUK EPSON R1800/R800/R1900/R2000 - 4120 IM (T054220)', 10000.00, 5, 2, '2023-09-23 13:58:22+07', '2023-09-23 13:58:22+07');
INSERT INTO "public"."products_product" VALUES (61, 'BOTOL 1000ML GLOSS OPTIMIZER KHUSUS UNTUK EPSON R1800/R800/R1900/R2000/IX7000/MG6170 - 4100 IM (T054020)', 1500.00, 5, 1, '2023-09-23 13:58:22+07', '2023-09-23 13:58:22+07');
INSERT INTO "public"."products_product" VALUES (62, 'BOTOL 1000ML L.LIGHT BLACK KHUSUS UNTUK EPSON 2400 - 0599 IM', 1500.00, 5, 2, '2023-09-23 13:58:22+07', '2023-09-23 13:58:22+07');
INSERT INTO "public"."products_product" VALUES (63, 'BOTOL 1000ML LIGHT BLACK KHUSUS UNTUK EPSON 2400 - 0597 IM', 1500.00, 5, 2, '2023-09-23 13:58:22+07', '2023-09-23 13:58:22+07');
INSERT INTO "public"."products_product" VALUES (64, 'BOTOL 1000ML MAGENTA KHUSUS UNTUK EPSON R1800/R800/R1900/R2000 - 4140 IM (T054320)', 1000.00, 5, 1, '2023-09-23 13:58:22+07', '2023-09-23 13:58:22+07');
INSERT INTO "public"."products_product" VALUES (65, 'BOTOL 1000ML MATTE BLACK KHUSUS UNTUK EPSON R1800/R800/R1900/R2000 - 3503 IM (T054820)', 1500.00, 5, 2, '2023-09-23 13:58:22+07', '2023-09-23 13:58:22+07');
INSERT INTO "public"."products_product" VALUES (66, 'BOTOL 1000ML ORANGE KHUSUS UNTUK EPSON R1900/R2000 IM - 4190 (T087920)', 1500.00, 5, 1, '2023-09-23 13:58:22+07', '2023-09-23 13:58:22+07');
INSERT INTO "public"."products_product" VALUES (67, 'BOTOL 1000ML RED KHUSUS UNTUK EPSON R1800/R800/R1900/R2000 - 4170 IM (T054720)', 1000.00, 5, 2, '2023-09-23 13:58:22+07', '2023-09-23 13:58:22+07');
INSERT INTO "public"."products_product" VALUES (68, 'BOTOL 1000ML YELLOW KHUSUS UNTUK EPSON R1800/R800/R1900/R2000 - 4160 IM (T054420)', 1500.00, 5, 2, '2023-09-23 13:58:22+07', '2023-09-23 13:58:22+07');
INSERT INTO "public"."products_product" VALUES (70, 'BOTOL KOTAK 100ML LK', 1000.00, 6, 1, '2023-09-23 13:58:22+07', '2023-09-23 13:58:22+07');
INSERT INTO "public"."products_product" VALUES (72, 'BOTOL 10ML IM', 1000.00, 7, 2, '2023-09-23 13:58:22+07', '2023-09-23 13:58:22+07');
INSERT INTO "public"."products_product" VALUES (6, 'ALCOHOL GEL POLISH CLEANSER GP-CLN01', 12500.00, 1, 1, '2023-09-23 13:58:22+07', '2023-09-24 13:34:47.204515+07');

-- ----------------------------
-- Table structure for products_status
-- ----------------------------
DROP TABLE IF EXISTS "public"."products_status";
CREATE TABLE "public"."products_status" (
  "id_status" int4 NOT NULL GENERATED BY DEFAULT AS IDENTITY (
INCREMENT 1
MINVALUE  1
MAXVALUE 2147483647
START 1
CACHE 1
),
  "name" varchar(100) COLLATE "pg_catalog"."default" NOT NULL,
  "created" timestamptz(6) NOT NULL,
  "changed" timestamptz(6) NOT NULL
)
;

-- ----------------------------
-- Records of products_status
-- ----------------------------
INSERT INTO "public"."products_status" VALUES (1, 'bisa dijual', '2023-09-23 17:43:28+07', '2023-09-23 17:43:33+07');
INSERT INTO "public"."products_status" VALUES (2, 'tidak bisa dijual', '2023-09-23 17:43:31+07', '2023-09-23 17:43:37+07');

-- ----------------------------
-- Alter sequences owned by
-- ----------------------------
ALTER SEQUENCE "public"."auth_group_id_seq"
OWNED BY "public"."auth_group"."id";
SELECT setval('"public"."auth_group_id_seq"', 1, false);

-- ----------------------------
-- Alter sequences owned by
-- ----------------------------
ALTER SEQUENCE "public"."auth_group_permissions_id_seq"
OWNED BY "public"."auth_group_permissions"."id";
SELECT setval('"public"."auth_group_permissions_id_seq"', 1, false);

-- ----------------------------
-- Alter sequences owned by
-- ----------------------------
ALTER SEQUENCE "public"."auth_permission_id_seq"
OWNED BY "public"."auth_permission"."id";
SELECT setval('"public"."auth_permission_id_seq"', 36, true);

-- ----------------------------
-- Alter sequences owned by
-- ----------------------------
ALTER SEQUENCE "public"."auth_user_groups_id_seq"
OWNED BY "public"."auth_user_groups"."id";
SELECT setval('"public"."auth_user_groups_id_seq"', 1, false);

-- ----------------------------
-- Alter sequences owned by
-- ----------------------------
ALTER SEQUENCE "public"."auth_user_id_seq"
OWNED BY "public"."auth_user"."id";
SELECT setval('"public"."auth_user_id_seq"', 1, false);

-- ----------------------------
-- Alter sequences owned by
-- ----------------------------
ALTER SEQUENCE "public"."auth_user_user_permissions_id_seq"
OWNED BY "public"."auth_user_user_permissions"."id";
SELECT setval('"public"."auth_user_user_permissions_id_seq"', 1, false);

-- ----------------------------
-- Alter sequences owned by
-- ----------------------------
ALTER SEQUENCE "public"."django_admin_log_id_seq"
OWNED BY "public"."django_admin_log"."id";
SELECT setval('"public"."django_admin_log_id_seq"', 1, false);

-- ----------------------------
-- Alter sequences owned by
-- ----------------------------
ALTER SEQUENCE "public"."django_content_type_id_seq"
OWNED BY "public"."django_content_type"."id";
SELECT setval('"public"."django_content_type_id_seq"', 9, true);

-- ----------------------------
-- Alter sequences owned by
-- ----------------------------
ALTER SEQUENCE "public"."django_migrations_id_seq"
OWNED BY "public"."django_migrations"."id";
SELECT setval('"public"."django_migrations_id_seq"', 19, true);

-- ----------------------------
-- Alter sequences owned by
-- ----------------------------
ALTER SEQUENCE "public"."products_kategori_id_kategori_seq"
OWNED BY "public"."products_kategori"."id_kategori";
SELECT setval('"public"."products_kategori_id_kategori_seq"', 1, false);

-- ----------------------------
-- Alter sequences owned by
-- ----------------------------
ALTER SEQUENCE "public"."products_product_id_product_seq"
OWNED BY "public"."products_product"."id_product";
SELECT setval('"public"."products_product_id_product_seq"', 2, true);

-- ----------------------------
-- Alter sequences owned by
-- ----------------------------
ALTER SEQUENCE "public"."products_status_id_status_seq"
OWNED BY "public"."products_status"."id_status";
SELECT setval('"public"."products_status_id_status_seq"', 1, false);

-- ----------------------------
-- Auto increment value for auth_group
-- ----------------------------
SELECT setval('"public"."auth_group_id_seq"', 1, false);

-- ----------------------------
-- Indexes structure for table auth_group
-- ----------------------------
CREATE INDEX "auth_group_name_a6ea08ec_like" ON "public"."auth_group" USING btree (
  "name" COLLATE "pg_catalog"."default" "pg_catalog"."varchar_pattern_ops" ASC NULLS LAST
);

-- ----------------------------
-- Uniques structure for table auth_group
-- ----------------------------
ALTER TABLE "public"."auth_group" ADD CONSTRAINT "auth_group_name_key" UNIQUE ("name");

-- ----------------------------
-- Primary Key structure for table auth_group
-- ----------------------------
ALTER TABLE "public"."auth_group" ADD CONSTRAINT "auth_group_pkey" PRIMARY KEY ("id");

-- ----------------------------
-- Auto increment value for auth_group_permissions
-- ----------------------------
SELECT setval('"public"."auth_group_permissions_id_seq"', 1, false);

-- ----------------------------
-- Indexes structure for table auth_group_permissions
-- ----------------------------
CREATE INDEX "auth_group_permissions_group_id_b120cbf9" ON "public"."auth_group_permissions" USING btree (
  "group_id" "pg_catalog"."int4_ops" ASC NULLS LAST
);
CREATE INDEX "auth_group_permissions_permission_id_84c5c92e" ON "public"."auth_group_permissions" USING btree (
  "permission_id" "pg_catalog"."int4_ops" ASC NULLS LAST
);

-- ----------------------------
-- Uniques structure for table auth_group_permissions
-- ----------------------------
ALTER TABLE "public"."auth_group_permissions" ADD CONSTRAINT "auth_group_permissions_group_id_permission_id_0cd325b0_uniq" UNIQUE ("group_id", "permission_id");

-- ----------------------------
-- Primary Key structure for table auth_group_permissions
-- ----------------------------
ALTER TABLE "public"."auth_group_permissions" ADD CONSTRAINT "auth_group_permissions_pkey" PRIMARY KEY ("id");

-- ----------------------------
-- Auto increment value for auth_permission
-- ----------------------------
SELECT setval('"public"."auth_permission_id_seq"', 36, true);

-- ----------------------------
-- Indexes structure for table auth_permission
-- ----------------------------
CREATE INDEX "auth_permission_content_type_id_2f476e4b" ON "public"."auth_permission" USING btree (
  "content_type_id" "pg_catalog"."int4_ops" ASC NULLS LAST
);

-- ----------------------------
-- Uniques structure for table auth_permission
-- ----------------------------
ALTER TABLE "public"."auth_permission" ADD CONSTRAINT "auth_permission_content_type_id_codename_01ab375a_uniq" UNIQUE ("content_type_id", "codename");

-- ----------------------------
-- Primary Key structure for table auth_permission
-- ----------------------------
ALTER TABLE "public"."auth_permission" ADD CONSTRAINT "auth_permission_pkey" PRIMARY KEY ("id");

-- ----------------------------
-- Auto increment value for auth_user
-- ----------------------------
SELECT setval('"public"."auth_user_id_seq"', 1, false);

-- ----------------------------
-- Indexes structure for table auth_user
-- ----------------------------
CREATE INDEX "auth_user_username_6821ab7c_like" ON "public"."auth_user" USING btree (
  "username" COLLATE "pg_catalog"."default" "pg_catalog"."varchar_pattern_ops" ASC NULLS LAST
);

-- ----------------------------
-- Uniques structure for table auth_user
-- ----------------------------
ALTER TABLE "public"."auth_user" ADD CONSTRAINT "auth_user_username_key" UNIQUE ("username");

-- ----------------------------
-- Primary Key structure for table auth_user
-- ----------------------------
ALTER TABLE "public"."auth_user" ADD CONSTRAINT "auth_user_pkey" PRIMARY KEY ("id");

-- ----------------------------
-- Auto increment value for auth_user_groups
-- ----------------------------
SELECT setval('"public"."auth_user_groups_id_seq"', 1, false);

-- ----------------------------
-- Indexes structure for table auth_user_groups
-- ----------------------------
CREATE INDEX "auth_user_groups_group_id_97559544" ON "public"."auth_user_groups" USING btree (
  "group_id" "pg_catalog"."int4_ops" ASC NULLS LAST
);
CREATE INDEX "auth_user_groups_user_id_6a12ed8b" ON "public"."auth_user_groups" USING btree (
  "user_id" "pg_catalog"."int4_ops" ASC NULLS LAST
);

-- ----------------------------
-- Uniques structure for table auth_user_groups
-- ----------------------------
ALTER TABLE "public"."auth_user_groups" ADD CONSTRAINT "auth_user_groups_user_id_group_id_94350c0c_uniq" UNIQUE ("user_id", "group_id");

-- ----------------------------
-- Primary Key structure for table auth_user_groups
-- ----------------------------
ALTER TABLE "public"."auth_user_groups" ADD CONSTRAINT "auth_user_groups_pkey" PRIMARY KEY ("id");

-- ----------------------------
-- Auto increment value for auth_user_user_permissions
-- ----------------------------
SELECT setval('"public"."auth_user_user_permissions_id_seq"', 1, false);

-- ----------------------------
-- Indexes structure for table auth_user_user_permissions
-- ----------------------------
CREATE INDEX "auth_user_user_permissions_permission_id_1fbb5f2c" ON "public"."auth_user_user_permissions" USING btree (
  "permission_id" "pg_catalog"."int4_ops" ASC NULLS LAST
);
CREATE INDEX "auth_user_user_permissions_user_id_a95ead1b" ON "public"."auth_user_user_permissions" USING btree (
  "user_id" "pg_catalog"."int4_ops" ASC NULLS LAST
);

-- ----------------------------
-- Uniques structure for table auth_user_user_permissions
-- ----------------------------
ALTER TABLE "public"."auth_user_user_permissions" ADD CONSTRAINT "auth_user_user_permissions_user_id_permission_id_14a6b632_uniq" UNIQUE ("user_id", "permission_id");

-- ----------------------------
-- Primary Key structure for table auth_user_user_permissions
-- ----------------------------
ALTER TABLE "public"."auth_user_user_permissions" ADD CONSTRAINT "auth_user_user_permissions_pkey" PRIMARY KEY ("id");

-- ----------------------------
-- Auto increment value for django_admin_log
-- ----------------------------
SELECT setval('"public"."django_admin_log_id_seq"', 1, false);

-- ----------------------------
-- Indexes structure for table django_admin_log
-- ----------------------------
CREATE INDEX "django_admin_log_content_type_id_c4bce8eb" ON "public"."django_admin_log" USING btree (
  "content_type_id" "pg_catalog"."int4_ops" ASC NULLS LAST
);
CREATE INDEX "django_admin_log_user_id_c564eba6" ON "public"."django_admin_log" USING btree (
  "user_id" "pg_catalog"."int4_ops" ASC NULLS LAST
);

-- ----------------------------
-- Checks structure for table django_admin_log
-- ----------------------------
ALTER TABLE "public"."django_admin_log" ADD CONSTRAINT "django_admin_log_action_flag_check" CHECK (action_flag >= 0);

-- ----------------------------
-- Primary Key structure for table django_admin_log
-- ----------------------------
ALTER TABLE "public"."django_admin_log" ADD CONSTRAINT "django_admin_log_pkey" PRIMARY KEY ("id");

-- ----------------------------
-- Auto increment value for django_content_type
-- ----------------------------
SELECT setval('"public"."django_content_type_id_seq"', 9, true);

-- ----------------------------
-- Uniques structure for table django_content_type
-- ----------------------------
ALTER TABLE "public"."django_content_type" ADD CONSTRAINT "django_content_type_app_label_model_76bd3d3b_uniq" UNIQUE ("app_label", "model");

-- ----------------------------
-- Primary Key structure for table django_content_type
-- ----------------------------
ALTER TABLE "public"."django_content_type" ADD CONSTRAINT "django_content_type_pkey" PRIMARY KEY ("id");

-- ----------------------------
-- Auto increment value for django_migrations
-- ----------------------------
SELECT setval('"public"."django_migrations_id_seq"', 19, true);

-- ----------------------------
-- Primary Key structure for table django_migrations
-- ----------------------------
ALTER TABLE "public"."django_migrations" ADD CONSTRAINT "django_migrations_pkey" PRIMARY KEY ("id");

-- ----------------------------
-- Indexes structure for table django_session
-- ----------------------------
CREATE INDEX "django_session_expire_date_a5c62663" ON "public"."django_session" USING btree (
  "expire_date" "pg_catalog"."timestamptz_ops" ASC NULLS LAST
);
CREATE INDEX "django_session_session_key_c0390e0f_like" ON "public"."django_session" USING btree (
  "session_key" COLLATE "pg_catalog"."default" "pg_catalog"."varchar_pattern_ops" ASC NULLS LAST
);

-- ----------------------------
-- Primary Key structure for table django_session
-- ----------------------------
ALTER TABLE "public"."django_session" ADD CONSTRAINT "django_session_pkey" PRIMARY KEY ("session_key");

-- ----------------------------
-- Auto increment value for products_kategori
-- ----------------------------
SELECT setval('"public"."products_kategori_id_kategori_seq"', 1, false);

-- ----------------------------
-- Primary Key structure for table products_kategori
-- ----------------------------
ALTER TABLE "public"."products_kategori" ADD CONSTRAINT "products_kategori_pkey" PRIMARY KEY ("id_kategori");

-- ----------------------------
-- Auto increment value for products_product
-- ----------------------------
SELECT setval('"public"."products_product_id_product_seq"', 2, true);

-- ----------------------------
-- Indexes structure for table products_product
-- ----------------------------
CREATE INDEX "products_product_kategori_id_800a0f14" ON "public"."products_product" USING btree (
  "kategori_id" "pg_catalog"."int4_ops" ASC NULLS LAST
);
CREATE INDEX "products_product_status_id_76033d3f" ON "public"."products_product" USING btree (
  "status_id" "pg_catalog"."int4_ops" ASC NULLS LAST
);

-- ----------------------------
-- Primary Key structure for table products_product
-- ----------------------------
ALTER TABLE "public"."products_product" ADD CONSTRAINT "products_product_pkey" PRIMARY KEY ("id_product");

-- ----------------------------
-- Auto increment value for products_status
-- ----------------------------
SELECT setval('"public"."products_status_id_status_seq"', 1, false);

-- ----------------------------
-- Primary Key structure for table products_status
-- ----------------------------
ALTER TABLE "public"."products_status" ADD CONSTRAINT "products_status_pkey" PRIMARY KEY ("id_status");

-- ----------------------------
-- Foreign Keys structure for table auth_group_permissions
-- ----------------------------
ALTER TABLE "public"."auth_group_permissions" ADD CONSTRAINT "auth_group_permissio_permission_id_84c5c92e_fk_auth_perm" FOREIGN KEY ("permission_id") REFERENCES "public"."auth_permission" ("id") ON DELETE NO ACTION ON UPDATE NO ACTION DEFERRABLE INITIALLY DEFERRED;
ALTER TABLE "public"."auth_group_permissions" ADD CONSTRAINT "auth_group_permissions_group_id_b120cbf9_fk_auth_group_id" FOREIGN KEY ("group_id") REFERENCES "public"."auth_group" ("id") ON DELETE NO ACTION ON UPDATE NO ACTION DEFERRABLE INITIALLY DEFERRED;

-- ----------------------------
-- Foreign Keys structure for table auth_permission
-- ----------------------------
ALTER TABLE "public"."auth_permission" ADD CONSTRAINT "auth_permission_content_type_id_2f476e4b_fk_django_co" FOREIGN KEY ("content_type_id") REFERENCES "public"."django_content_type" ("id") ON DELETE NO ACTION ON UPDATE NO ACTION DEFERRABLE INITIALLY DEFERRED;

-- ----------------------------
-- Foreign Keys structure for table auth_user_groups
-- ----------------------------
ALTER TABLE "public"."auth_user_groups" ADD CONSTRAINT "auth_user_groups_group_id_97559544_fk_auth_group_id" FOREIGN KEY ("group_id") REFERENCES "public"."auth_group" ("id") ON DELETE NO ACTION ON UPDATE NO ACTION DEFERRABLE INITIALLY DEFERRED;
ALTER TABLE "public"."auth_user_groups" ADD CONSTRAINT "auth_user_groups_user_id_6a12ed8b_fk_auth_user_id" FOREIGN KEY ("user_id") REFERENCES "public"."auth_user" ("id") ON DELETE NO ACTION ON UPDATE NO ACTION DEFERRABLE INITIALLY DEFERRED;

-- ----------------------------
-- Foreign Keys structure for table auth_user_user_permissions
-- ----------------------------
ALTER TABLE "public"."auth_user_user_permissions" ADD CONSTRAINT "auth_user_user_permi_permission_id_1fbb5f2c_fk_auth_perm" FOREIGN KEY ("permission_id") REFERENCES "public"."auth_permission" ("id") ON DELETE NO ACTION ON UPDATE NO ACTION DEFERRABLE INITIALLY DEFERRED;
ALTER TABLE "public"."auth_user_user_permissions" ADD CONSTRAINT "auth_user_user_permissions_user_id_a95ead1b_fk_auth_user_id" FOREIGN KEY ("user_id") REFERENCES "public"."auth_user" ("id") ON DELETE NO ACTION ON UPDATE NO ACTION DEFERRABLE INITIALLY DEFERRED;

-- ----------------------------
-- Foreign Keys structure for table django_admin_log
-- ----------------------------
ALTER TABLE "public"."django_admin_log" ADD CONSTRAINT "django_admin_log_content_type_id_c4bce8eb_fk_django_co" FOREIGN KEY ("content_type_id") REFERENCES "public"."django_content_type" ("id") ON DELETE NO ACTION ON UPDATE NO ACTION DEFERRABLE INITIALLY DEFERRED;
ALTER TABLE "public"."django_admin_log" ADD CONSTRAINT "django_admin_log_user_id_c564eba6_fk_auth_user_id" FOREIGN KEY ("user_id") REFERENCES "public"."auth_user" ("id") ON DELETE NO ACTION ON UPDATE NO ACTION DEFERRABLE INITIALLY DEFERRED;

-- ----------------------------
-- Foreign Keys structure for table products_product
-- ----------------------------
ALTER TABLE "public"."products_product" ADD CONSTRAINT "products_product_kategori_id_800a0f14_fk_products_" FOREIGN KEY ("kategori_id") REFERENCES "public"."products_kategori" ("id_kategori") ON DELETE NO ACTION ON UPDATE NO ACTION DEFERRABLE INITIALLY DEFERRED;
ALTER TABLE "public"."products_product" ADD CONSTRAINT "products_product_status_id_76033d3f_fk_products_" FOREIGN KEY ("status_id") REFERENCES "public"."products_status" ("id_status") ON DELETE NO ACTION ON UPDATE NO ACTION DEFERRABLE INITIALLY DEFERRED;
